{"0": {"0": 1.750440625e-06, "1": 1.880296875e-06, "2": 1.5662375e-06, "3": 1.5666125e-06}, "1": {"0": 1.14991416015625e-06, "1": 1.28898740234375e-06, "2": 9.8791103515625e-07, "3": 9.8695703125e-07}, "2": {"0": 1.1927031249999998e-06, "1": 1.33686494140625e-06, "2": 1.02310048828125e-06, "3": 1.02326787109375e-06}, "3": {"0": 1.13287738e-06, "1": 1.273725e-06, "2": 9.6835503e-07, "3": 9.6737203e-07}}